Time Key,Full Date,Year,Quarter,Month,Month Name,Day,Day of Week,Is Weekend
1,2014-01-03,2014,1,1,January,3,4,False
2,2014-01-04,2014,1,1,January,4,5,True
3,2014-01-05,2014,1,1,January,5,6,True
4,2014-01-06,2014,1,1,January,6,0,False
5,2014-01-07,2014,1,1,January,7,1,False
6,2014-01-08,2014,1,1,January,8,2,False
7,2014-01-09,2014,1,1,January,9,3,False
8,2014-01-10,2014,1,1,January,10,4,False
9,2014-01-11,2014,1,1,January,11,5,True
10,2014-01-12,2014,1,1,January,12,6,True
11,2014-01-13,2014,1,1,January,13,0,False
12,2014-01-14,2014,1,1,January,14,1,False
13,2014-01-15,2014,1,1,January,15,2,False
14,2014-01-16,2014,1,1,January,16,3,False
15,2014-01-17,2014,1,1,January,17,4,False
16,2014-01-18,2014,1,1,January,18,5,True
17,2014-01-19,2014,1,1,January,19,6,True
18,2014-01-20,2014,1,1,January,20,0,False
19,2014-01-21,2014,1,1,January,21,1,False
20,2014-01-23,2014,1,1,January,23,3,False
21,2014-01-25,2014,1,1,January,25,5,True
22,2014-01-26,2014,1,1,January,26,6,True
23,2014-01-27,2014,1,1,January,27,0,False
24,2014-01-28,2014,1,1,January,28,1,False
25,2014-01-29,2014,1,1,January,29,2,False
26,2014-01-30,2014,1,1,January,30,3,False
27,2014-01-31,2014,1,1,January,31,4,False
28,2014-02-01,2014,1,2,February,1,5,True
29,2014-02-02,2014,1,2,February,2,6,True
30,2014-02-03,2014,1,2,February,3,0,False
31,2014-02-04,2014,1,2,February,4,1,False
32,2014-02-06,2014,1,2,February,6,3,False
33,2014-02-07,2014,1,2,February,7,4,False
34,2014-02-08,2014,1,2,February,8,5,True
35,2014-02-09,2014,1,2,February,9,6,True
36,2014-02-10,2014,1,2,February,10,0,False
37,2014-02-11,2014,1,2,February,11,1,False
38,2014-02-12,2014,1,2,February,12,2,False
39,2014-02-14,2014,1,2,February,14,4,False
40,2014-02-15,2014,1,2,February,15,5,True
41,2014-02-16,2014,1,2,February,16,6,True
42,2014-02-17,2014,1,2,February,17,0,False
43,2014-02-18,2014,1,2,February,18,1,False
44,2014-02-19,2014,1,2,February,19,2,False
45,2014-02-20,2014,1,2,February,20,3,False
46,2014-02-21,2014,1,2,February,21,4,False
47,2014-02-22,2014,1,2,February,22,5,True
48,2014-02-23,2014,1,2,February,23,6,True
49,2014-02-24,2014,1,2,February,24,0,False
50,2014-02-25,2014,1,2,February,25,1,False
51,2014-02-26,2014,1,2,February,26,2,False
52,2014-02-27,2014,1,2,February,27,3,False
53,2014-03-01,2014,1,3,March,1,5,True
54,2014-03-02,2014,1,3,March,2,6,True
55,2014-03-03,2014,1,3,March,3,0,False
56,2014-03-04,2014,1,3,March,4,1,False
57,2014-03-05,2014,1,3,March,5,2,False
58,2014-03-06,2014,1,3,March,6,3,False
59,2014-03-07,2014,1,3,March,7,4,False
60,2014-03-08,2014,1,3,March,8,5,True
61,2014-03-09,2014,1,3,March,9,6,True
62,2014-03-10,2014,1,3,March,10,0,False
63,2014-03-11,2014,1,3,March,11,1,False
64,2014-03-12,2014,1,3,March,12,2,False
65,2014-03-13,2014,1,3,March,13,3,False
66,2014-03-14,2014,1,3,March,14,4,False
67,2014-03-15,2014,1,3,March,15,5,True
68,2014-03-16,2014,1,3,March,16,6,True
69,2014-03-17,2014,1,3,March,17,0,False
70,2014-03-18,2014,1,3,March,18,1,False
71,2014-03-19,2014,1,3,March,19,2,False
72,2014-03-20,2014,1,3,March,20,3,False
73,2014-03-21,2014,1,3,March,21,4,False
74,2014-03-22,2014,1,3,March,22,5,True
75,2014-03-23,2014,1,3,March,23,6,True
76,2014-03-24,2014,1,3,March,24,0,False
77,2014-03-25,2014,1,3,March,25,1,False
78,2014-03-26,2014,1,3,March,26,2,False
79,2014-03-28,2014,1,3,March,28,4,False
80,2014-03-29,2014,1,3,March,29,5,True
81,2014-03-30,2014,1,3,March,30,6,True
82,2014-03-31,2014,1,3,March,31,0,False
83,2014-04-01,2014,2,4,April,1,1,False
84,2014-04-02,2014,2,4,April,2,2,False
85,2014-04-03,2014,2,4,April,3,3,False
86,2014-04-04,2014,2,4,April,4,4,False
87,2014-04-05,2014,2,4,April,5,5,True
88,2014-04-06,2014,2,4,April,6,6,True
89,2014-04-07,2014,2,4,April,7,0,False
90,2014-04-08,2014,2,4,April,8,1,False
91,2014-04-09,2014,2,4,April,9,2,False
92,2014-04-10,2014,2,4,April,10,3,False
93,2014-04-11,2014,2,4,April,11,4,False
94,2014-04-12,2014,2,4,April,12,5,True
95,2014-04-13,2014,2,4,April,13,6,True
96,2014-04-15,2014,2,4,April,15,1,False
97,2014-04-16,2014,2,4,April,16,2,False
98,2014-04-17,2014,2,4,April,17,3,False
99,2014-04-18,2014,2,4,April,18,4,False
100,2014-04-19,2014,2,4,April,19,5,True
101,2014-04-20,2014,2,4,April,20,6,True
102,2014-04-21,2014,2,4,April,21,0,False
103,2014-04-22,2014,2,4,April,22,1,False
104,2014-04-23,2014,2,4,April,23,2,False
105,2014-04-24,2014,2,4,April,24,3,False
106,2014-04-25,2014,2,4,April,25,4,False
107,2014-04-26,2014,2,4,April,26,5,True
108,2014-04-27,2014,2,4,April,27,6,True
109,2014-04-28,2014,2,4,April,28,0,False
110,2014-04-29,2014,2,4,April,29,1,False
111,2014-04-30,2014,2,4,April,30,2,False
112,2014-05-01,2014,2,5,May,1,3,False
113,2014-05-02,2014,2,5,May,2,4,False
114,2014-05-03,2014,2,5,May,3,5,True
115,2014-05-04,2014,2,5,May,4,6,True
116,2014-05-05,2014,2,5,May,5,0,False
117,2014-05-06,2014,2,5,May,6,1,False
118,2014-05-07,2014,2,5,May,7,2,False
119,2014-05-08,2014,2,5,May,8,3,False
120,2014-05-09,2014,2,5,May,9,4,False
121,2014-05-10,2014,2,5,May,10,5,True
122,2014-05-11,2014,2,5,May,11,6,True
123,2014-05-12,2014,2,5,May,12,0,False
124,2014-05-13,2014,2,5,May,13,1,False
125,2014-05-14,2014,2,5,May,14,2,False
126,2014-05-15,2014,2,5,May,15,3,False
127,2014-05-16,2014,2,5,May,16,4,False
128,2014-05-17,2014,2,5,May,17,5,True
129,2014-05-18,2014,2,5,May,18,6,True
130,2014-05-19,2014,2,5,May,19,0,False
131,2014-05-20,2014,2,5,May,20,1,False
132,2014-05-21,2014,2,5,May,21,2,False
133,2014-05-22,2014,2,5,May,22,3,False
134,2014-05-23,2014,2,5,May,23,4,False
135,2014-05-24,2014,2,5,May,24,5,True
136,2014-05-25,2014,2,5,May,25,6,True
137,2014-05-26,2014,2,5,May,26,0,False
138,2014-05-27,2014,2,5,May,27,1,False
139,2014-05-28,2014,2,5,May,28,2,False
140,2014-05-29,2014,2,5,May,29,3,False
141,2014-05-30,2014,2,5,May,30,4,False
142,2014-05-31,2014,2,5,May,31,5,True
143,2014-06-01,2014,2,6,June,1,6,True
144,2014-06-02,2014,2,6,June,2,0,False
145,2014-06-03,2014,2,6,June,3,1,False
146,2014-06-04,2014,2,6,June,4,2,False
147,2014-06-05,2014,2,6,June,5,3,False
148,2014-06-06,2014,2,6,June,6,4,False
149,2014-06-07,2014,2,6,June,7,5,True
150,2014-06-08,2014,2,6,June,8,6,True
151,2014-06-09,2014,2,6,June,9,0,False
152,2014-06-10,2014,2,6,June,10,1,False
153,2014-06-11,2014,2,6,June,11,2,False
154,2014-06-12,2014,2,6,June,12,3,False
155,2014-06-13,2014,2,6,June,13,4,False
156,2014-06-14,2014,2,6,June,14,5,True
157,2014-06-15,2014,2,6,June,15,6,True
158,2014-06-16,2014,2,6,June,16,0,False
159,2014-06-17,2014,2,6,June,17,1,False
160,2014-06-18,2014,2,6,June,18,2,False
161,2014-06-20,2014,2,6,June,20,4,False
162,2014-06-21,2014,2,6,June,21,5,True
163,2014-06-22,2014,2,6,June,22,6,True
164,2014-06-23,2014,2,6,June,23,0,False
165,2014-06-24,2014,2,6,June,24,1,False
166,2014-06-25,2014,2,6,June,25,2,False
167,2014-06-26,2014,2,6,June,26,3,False
168,2014-06-27,2014,2,6,June,27,4,False
169,2014-06-28,2014,2,6,June,28,5,True
170,2014-06-29,2014,2,6,June,29,6,True
171,2014-06-30,2014,2,6,June,30,0,False
172,2014-07-01,2014,3,7,July,1,1,False
173,2014-07-02,2014,3,7,July,2,2,False
174,2014-07-03,2014,3,7,July,3,3,False
175,2014-07-04,2014,3,7,July,4,4,False
176,2014-07-05,2014,3,7,July,5,5,True
177,2014-07-06,2014,3,7,July,6,6,True
178,2014-07-07,2014,3,7,July,7,0,False
179,2014-07-08,2014,3,7,July,8,1,False
180,2014-07-09,2014,3,7,July,9,2,False
181,2014-07-10,2014,3,7,July,10,3,False
182,2014-07-11,2014,3,7,July,11,4,False
183,2014-07-12,2014,3,7,July,12,5,True
184,2014-07-13,2014,3,7,July,13,6,True
185,2014-07-14,2014,3,7,July,14,0,False
186,2014-07-15,2014,3,7,July,15,1,False
187,2014-07-16,2014,3,7,July,16,2,False
188,2014-07-17,2014,3,7,July,17,3,False
189,2014-07-18,2014,3,7,July,18,4,False
190,2014-07-19,2014,3,7,July,19,5,True
191,2014-07-20,2014,3,7,July,20,6,True
192,2014-07-21,2014,3,7,July,21,0,False
193,2014-07-22,2014,3,7,July,22,1,False
194,2014-07-23,2014,3,7,July,23,2,False
195,2014-07-24,2014,3,7,July,24,3,False
196,2014-07-25,2014,3,7,July,25,4,False
197,2014-07-26,2014,3,7,July,26,5,True
198,2014-07-27,2014,3,7,July,27,6,True
199,2014-07-28,2014,3,7,July,28,0,False
200,2014-07-29,2014,3,7,July,29,1,False
201,2014-07-30,2014,3,7,July,30,2,False
202,2014-08-01,2014,3,8,August,1,4,False
203,2014-08-02,2014,3,8,August,2,5,True
204,2014-08-03,2014,3,8,August,3,6,True
205,2014-08-04,2014,3,8,August,4,0,False
206,2014-08-05,2014,3,8,August,5,1,False
207,2014-08-06,2014,3,8,August,6,2,False
208,2014-08-07,2014,3,8,August,7,3,False
209,2014-08-08,2014,3,8,August,8,4,False
210,2014-08-09,2014,3,8,August,9,5,True
211,2014-08-10,2014,3,8,August,10,6,True
212,2014-08-11,2014,3,8,August,11,0,False
213,2014-08-12,2014,3,8,August,12,1,False
214,2014-08-13,2014,3,8,August,13,2,False
215,2014-08-14,2014,3,8,August,14,3,False
216,2014-08-15,2014,3,8,August,15,4,False
217,2014-08-16,2014,3,8,August,16,5,True
218,2014-08-17,2014,3,8,August,17,6,True
219,2014-08-18,2014,3,8,August,18,0,False
220,2014-08-19,2014,3,8,August,19,1,False
221,2014-08-20,2014,3,8,August,20,2,False
222,2014-08-21,2014,3,8,August,21,3,False
223,2014-08-22,2014,3,8,August,22,4,False
224,2014-08-23,2014,3,8,August,23,5,True
225,2014-08-24,2014,3,8,August,24,6,True
226,2014-08-25,2014,3,8,August,25,0,False
227,2014-08-26,2014,3,8,August,26,1,False
228,2014-08-27,2014,3,8,August,27,2,False
229,2014-08-28,2014,3,8,August,28,3,False
230,2014-08-29,2014,3,8,August,29,4,False
231,2014-08-30,2014,3,8,August,30,5,True
232,2014-08-31,2014,3,8,August,31,6,True
233,2014-09-01,2014,3,9,September,1,0,False
234,2014-09-02,2014,3,9,September,2,1,False
235,2014-09-03,2014,3,9,September,3,2,False
236,2014-09-04,2014,3,9,September,4,3,False
237,2014-09-05,2014,3,9,September,5,4,False
238,2014-09-06,2014,3,9,September,6,5,True
239,2014-09-07,2014,3,9,September,7,6,True
240,2014-09-08,2014,3,9,September,8,0,False
241,2014-09-09,2014,3,9,September,9,1,False
242,2014-09-10,2014,3,9,September,10,2,False
243,2014-09-11,2014,3,9,September,11,3,False
244,2014-09-12,2014,3,9,September,12,4,False
245,2014-09-13,2014,3,9,September,13,5,True
246,2014-09-14,2014,3,9,September,14,6,True
247,2014-09-15,2014,3,9,September,15,0,False
248,2014-09-16,2014,3,9,September,16,1,False
249,2014-09-17,2014,3,9,September,17,2,False
250,2014-09-18,2014,3,9,September,18,3,False
251,2014-09-19,2014,3,9,September,19,4,False
252,2014-09-20,2014,3,9,September,20,5,True
253,2014-09-21,2014,3,9,September,21,6,True
254,2014-09-22,2014,3,9,September,22,0,False
255,2014-09-23,2014,3,9,September,23,1,False
256,2014-09-24,2014,3,9,September,24,2,False
257,2014-09-25,2014,3,9,September,25,3,False
258,2014-09-26,2014,3,9,September,26,4,False
259,2014-09-27,2014,3,9,September,27,5,True
260,2014-09-28,2014,3,9,September,28,6,True
261,2014-09-29,2014,3,9,September,29,0,False
262,2014-09-30,2014,3,9,September,30,1,False
263,2014-10-01,2014,4,10,October,1,2,False
264,2014-10-02,2014,4,10,October,2,3,False
265,2014-10-03,2014,4,10,October,3,4,False
266,2014-10-04,2014,4,10,October,4,5,True
267,2014-10-05,2014,4,10,October,5,6,True
268,2014-10-06,2014,4,10,October,6,0,False
269,2014-10-07,2014,4,10,October,7,1,False
270,2014-10-08,2014,4,10,October,8,2,False
271,2014-10-09,2014,4,10,October,9,3,False
272,2014-10-10,2014,4,10,October,10,4,False
273,2014-10-11,2014,4,10,October,11,5,True
274,2014-10-12,2014,4,10,October,12,6,True
275,2014-10-13,2014,4,10,October,13,0,False
276,2014-10-14,2014,4,10,October,14,1,False
277,2014-10-15,2014,4,10,October,15,2,False
278,2014-10-16,2014,4,10,October,16,3,False
279,2014-10-17,2014,4,10,October,17,4,False
280,2014-10-18,2014,4,10,October,18,5,True
281,2014-10-19,2014,4,10,October,19,6,True
282,2014-10-20,2014,4,10,October,20,0,False
283,2014-10-21,2014,4,10,October,21,1,False
284,2014-10-22,2014,4,10,October,22,2,False
285,2014-10-23,2014,4,10,October,23,3,False
286,2014-10-24,2014,4,10,October,24,4,False
287,2014-10-25,2014,4,10,October,25,5,True
288,2014-10-26,2014,4,10,October,26,6,True
289,2014-10-27,2014,4,10,October,27,0,False
290,2014-10-28,2014,4,10,October,28,1,False
291,2014-10-29,2014,4,10,October,29,2,False
292,2014-10-30,2014,4,10,October,30,3,False
293,2014-10-31,2014,4,10,October,31,4,False
294,2014-11-01,2014,4,11,November,1,5,True
295,2014-11-02,2014,4,11,November,2,6,True
296,2014-11-03,2014,4,11,November,3,0,False
297,2014-11-04,2014,4,11,November,4,1,False
298,2014-11-05,2014,4,11,November,5,2,False
299,2014-11-06,2014,4,11,November,6,3,False
300,2014-11-07,2014,4,11,November,7,4,False
301,2014-11-08,2014,4,11,November,8,5,True
302,2014-11-09,2014,4,11,November,9,6,True
303,2014-11-10,2014,4,11,November,10,0,False
304,2014-11-11,2014,4,11,November,11,1,False
305,2014-11-12,2014,4,11,November,12,2,False
306,2014-11-13,2014,4,11,November,13,3,False
307,2014-11-14,2014,4,11,November,14,4,False
308,2014-11-15,2014,4,11,November,15,5,True
309,2014-11-16,2014,4,11,November,16,6,True
310,2014-11-17,2014,4,11,November,17,0,False
311,2014-11-18,2014,4,11,November,18,1,False
312,2014-11-19,2014,4,11,November,19,2,False
313,2014-11-20,2014,4,11,November,20,3,False
314,2014-11-21,2014,4,11,November,21,4,False
315,2014-11-22,2014,4,11,November,22,5,True
316,2014-11-23,2014,4,11,November,23,6,True
317,2014-11-24,2014,4,11,November,24,0,False
318,2014-11-25,2014,4,11,November,25,1,False
319,2014-11-26,2014,4,11,November,26,2,False
320,2014-11-27,2014,4,11,November,27,3,False
321,2014-11-28,2014,4,11,November,28,4,False
322,2014-11-29,2014,4,11,November,29,5,True
323,2014-11-30,2014,4,11,November,30,6,True
324,2014-12-01,2014,4,12,December,1,0,False
325,2014-12-02,2014,4,12,December,2,1,False
326,2014-12-03,2014,4,12,December,3,2,False
327,2014-12-04,2014,4,12,December,4,3,False
328,2014-12-05,2014,4,12,December,5,4,False
329,2014-12-06,2014,4,12,December,6,5,True
330,2014-12-07,2014,4,12,December,7,6,True
331,2014-12-08,2014,4,12,December,8,0,False
332,2014-12-09,2014,4,12,December,9,1,False
333,2014-12-10,2014,4,12,December,10,2,False
334,2014-12-11,2014,4,12,December,11,3,False
335,2014-12-12,2014,4,12,December,12,4,False
336,2014-12-13,2014,4,12,December,13,5,True
337,2014-12-14,2014,4,12,December,14,6,True
338,2014-12-15,2014,4,12,December,15,0,False
339,2014-12-16,2014,4,12,December,16,1,False
340,2014-12-17,2014,4,12,December,17,2,False
341,2014-12-18,2014,4,12,December,18,3,False
342,2014-12-19,2014,4,12,December,19,4,False
343,2014-12-20,2014,4,12,December,20,5,True
344,2014-12-21,2014,4,12,December,21,6,True
345,2014-12-22,2014,4,12,December,22,0,False
346,2014-12-23,2014,4,12,December,23,1,False
347,2014-12-24,2014,4,12,December,24,2,False
348,2014-12-25,2014,4,12,December,25,3,False
349,2014-12-26,2014,4,12,December,26,4,False
350,2014-12-27,2014,4,12,December,27,5,True
351,2014-12-28,2014,4,12,December,28,6,True
352,2014-12-29,2014,4,12,December,29,0,False
353,2014-12-30,2014,4,12,December,30,1,False
354,2014-12-31,2014,4,12,December,31,2,False
355,2015-01-01,2015,1,1,January,1,3,False
356,2015-01-02,2015,1,1,January,2,4,False
357,2015-01-03,2015,1,1,January,3,5,True
358,2015-01-04,2015,1,1,January,4,6,True
359,2015-01-05,2015,1,1,January,5,0,False
360,2015-01-06,2015,1,1,January,6,1,False
361,2015-01-07,2015,1,1,January,7,2,False
362,2015-01-08,2015,1,1,January,8,3,False
363,2015-01-09,2015,1,1,January,9,4,False
364,2015-01-10,2015,1,1,January,10,5,True
365,2015-01-12,2015,1,1,January,12,0,False
366,2015-01-13,2015,1,1,January,13,1,False
367,2015-01-15,2015,1,1,January,15,3,False
368,2015-01-17,2015,1,1,January,17,5,True
369,2015-01-18,2015,1,1,January,18,6,True
370,2015-01-19,2015,1,1,January,19,0,False
371,2015-01-22,2015,1,1,January,22,3,False
372,2015-01-23,2015,1,1,January,23,4,False
373,2015-01-24,2015,1,1,January,24,5,True
374,2015-01-26,2015,1,1,January,26,0,False
375,2015-01-27,2015,1,1,January,27,1,False
376,2015-01-28,2015,1,1,January,28,2,False
377,2015-01-29,2015,1,1,January,29,3,False
378,2015-01-30,2015,1,1,January,30,4,False
379,2015-01-31,2015,1,1,January,31,5,True
380,2015-02-01,2015,1,2,February,1,6,True
381,2015-02-03,2015,1,2,February,3,1,False
382,2015-02-04,2015,1,2,February,4,2,False
383,2015-02-05,2015,1,2,February,5,3,False
384,2015-02-06,2015,1,2,February,6,4,False
385,2015-02-07,2015,1,2,February,7,5,True
386,2015-02-08,2015,1,2,February,8,6,True
387,2015-02-09,2015,1,2,February,9,0,False
388,2015-02-10,2015,1,2,February,10,1,False
389,2015-02-11,2015,1,2,February,11,2,False
390,2015-02-13,2015,1,2,February,13,4,False
391,2015-02-14,2015,1,2,February,14,5,True
392,2015-02-15,2015,1,2,February,15,6,True
393,2015-02-16,2015,1,2,February,16,0,False
394,2015-02-18,2015,1,2,February,18,2,False
395,2015-02-19,2015,1,2,February,19,3,False
396,2015-02-20,2015,1,2,February,20,4,False
397,2015-02-21,2015,1,2,February,21,5,True
398,2015-02-22,2015,1,2,February,22,6,True
399,2015-02-23,2015,1,2,February,23,0,False
400,2015-02-24,2015,1,2,February,24,1,False
401,2015-02-25,2015,1,2,February,25,2,False
402,2015-02-27,2015,1,2,February,27,4,False
403,2015-02-28,2015,1,2,February,28,5,True
404,2015-03-01,2015,1,3,March,1,6,True
405,2015-03-02,2015,1,3,March,2,0,False
406,2015-03-03,2015,1,3,March,3,1,False
407,2015-03-04,2015,1,3,March,4,2,False
408,2015-03-05,2015,1,3,March,5,3,False
409,2015-03-06,2015,1,3,March,6,4,False
410,2015-03-07,2015,1,3,March,7,5,True
411,2015-03-08,2015,1,3,March,8,6,True
412,2015-03-09,2015,1,3,March,9,0,False
413,2015-03-10,2015,1,3,March,10,1,False
414,2015-03-11,2015,1,3,March,11,2,False
415,2015-03-12,2015,1,3,March,12,3,False
416,2015-03-13,2015,1,3,March,13,4,False
417,2015-03-14,2015,1,3,March,14,5,True
418,2015-03-15,2015,1,3,March,15,6,True
419,2015-03-16,2015,1,3,March,16,0,False
420,2015-03-17,2015,1,3,March,17,1,False
421,2015-03-18,2015,1,3,March,18,2,False
422,2015-03-19,2015,1,3,March,19,3,False
423,2015-03-20,2015,1,3,March,20,4,False
424,2015-03-21,2015,1,3,March,21,5,True
425,2015-03-22,2015,1,3,March,22,6,True
426,2015-03-23,2015,1,3,March,23,0,False
427,2015-03-24,2015,1,3,March,24,1,False
428,2015-03-25,2015,1,3,March,25,2,False
429,2015-03-26,2015,1,3,March,26,3,False
430,2015-03-27,2015,1,3,March,27,4,False
431,2015-03-28,2015,1,3,March,28,5,True
432,2015-03-29,2015,1,3,March,29,6,True
433,2015-03-30,2015,1,3,March,30,0,False
434,2015-03-31,2015,1,3,March,31,1,False
435,2015-04-02,2015,2,4,April,2,3,False
436,2015-04-03,2015,2,4,April,3,4,False
437,2015-04-04,2015,2,4,April,4,5,True
438,2015-04-05,2015,2,4,April,5,6,True
439,2015-04-06,2015,2,4,April,6,0,False
440,2015-04-07,2015,2,4,April,7,1,False
441,2015-04-08,2015,2,4,April,8,2,False
442,2015-04-09,2015,2,4,April,9,3,False
443,2015-04-10,2015,2,4,April,10,4,False
444,2015-04-11,2015,2,4,April,11,5,True
445,2015-04-12,2015,2,4,April,12,6,True
446,2015-04-13,2015,2,4,April,13,0,False
447,2015-04-14,2015,2,4,April,14,1,False
448,2015-04-15,2015,2,4,April,15,2,False
449,2015-04-16,2015,2,4,April,16,3,False
450,2015-04-17,2015,2,4,April,17,4,False
451,2015-04-18,2015,2,4,April,18,5,True
452,2015-04-19,2015,2,4,April,19,6,True
453,2015-04-20,2015,2,4,April,20,0,False
454,2015-04-21,2015,2,4,April,21,1,False
455,2015-04-22,2015,2,4,April,22,2,False
456,2015-04-23,2015,2,4,April,23,3,False
457,2015-04-24,2015,2,4,April,24,4,False
458,2015-04-25,2015,2,4,April,25,5,True
459,2015-04-26,2015,2,4,April,26,6,True
460,2015-04-27,2015,2,4,April,27,0,False
461,2015-04-28,2015,2,4,April,28,1,False
462,2015-04-29,2015,2,4,April,29,2,False
463,2015-04-30,2015,2,4,April,30,3,False
464,2015-05-01,2015,2,5,May,1,4,False
465,2015-05-02,2015,2,5,May,2,5,True
466,2015-05-03,2015,2,5,May,3,6,True
467,2015-05-04,2015,2,5,May,4,0,False
468,2015-05-05,2015,2,5,May,5,1,False
469,2015-05-06,2015,2,5,May,6,2,False
470,2015-05-07,2015,2,5,May,7,3,False
471,2015-05-08,2015,2,5,May,8,4,False
472,2015-05-09,2015,2,5,May,9,5,True
473,2015-05-10,2015,2,5,May,10,6,True
474,2015-05-11,2015,2,5,May,11,0,False
475,2015-05-12,2015,2,5,May,12,1,False
476,2015-05-13,2015,2,5,May,13,2,False
477,2015-05-14,2015,2,5,May,14,3,False
478,2015-05-15,2015,2,5,May,15,4,False
479,2015-05-16,2015,2,5,May,16,5,True
480,2015-05-17,2015,2,5,May,17,6,True
481,2015-05-18,2015,2,5,May,18,0,False
482,2015-05-19,2015,2,5,May,19,1,False
483,2015-05-20,2015,2,5,May,20,2,False
484,2015-05-21,2015,2,5,May,21,3,False
485,2015-05-22,2015,2,5,May,22,4,False
486,2015-05-23,2015,2,5,May,23,5,True
487,2015-05-24,2015,2,5,May,24,6,True
488,2015-05-25,2015,2,5,May,25,0,False
489,2015-05-26,2015,2,5,May,26,1,False
490,2015-05-27,2015,2,5,May,27,2,False
491,2015-05-28,2015,2,5,May,28,3,False
492,2015-05-29,2015,2,5,May,29,4,False
493,2015-05-30,2015,2,5,May,30,5,True
494,2015-05-31,2015,2,5,May,31,6,True
495,2015-06-01,2015,2,6,June,1,0,False
496,2015-06-02,2015,2,6,June,2,1,False
497,2015-06-03,2015,2,6,June,3,2,False
498,2015-06-04,2015,2,6,June,4,3,False
499,2015-06-05,2015,2,6,June,5,4,False
500,2015-06-07,2015,2,6,June,7,6,True
501,2015-06-08,2015,2,6,June,8,0,False
502,2015-06-09,2015,2,6,June,9,1,False
503,2015-06-10,2015,2,6,June,10,2,False
504,2015-06-11,2015,2,6,June,11,3,False
505,2015-06-12,2015,2,6,June,12,4,False
506,2015-06-13,2015,2,6,June,13,5,True
507,2015-06-14,2015,2,6,June,14,6,True
508,2015-06-15,2015,2,6,June,15,0,False
509,2015-06-16,2015,2,6,June,16,1,False
510,2015-06-17,2015,2,6,June,17,2,False
511,2015-06-18,2015,2,6,June,18,3,False
512,2015-06-19,2015,2,6,June,19,4,False
513,2015-06-20,2015,2,6,June,20,5,True
514,2015-06-21,2015,2,6,June,21,6,True
515,2015-06-22,2015,2,6,June,22,0,False
516,2015-06-23,2015,2,6,June,23,1,False
517,2015-06-24,2015,2,6,June,24,2,False
518,2015-06-25,2015,2,6,June,25,3,False
519,2015-06-26,2015,2,6,June,26,4,False
520,2015-06-27,2015,2,6,June,27,5,True
521,2015-06-28,2015,2,6,June,28,6,True
522,2015-06-29,2015,2,6,June,29,0,False
523,2015-06-30,2015,2,6,June,30,1,False
524,2015-07-01,2015,3,7,July,1,2,False
525,2015-07-02,2015,3,7,July,2,3,False
526,2015-07-03,2015,3,7,July,3,4,False
527,2015-07-04,2015,3,7,July,4,5,True
528,2015-07-05,2015,3,7,July,5,6,True
529,2015-07-06,2015,3,7,July,6,0,False
530,2015-07-08,2015,3,7,July,8,2,False
531,2015-07-09,2015,3,7,July,9,3,False
532,2015-07-10,2015,3,7,July,10,4,False
533,2015-07-11,2015,3,7,July,11,5,True
534,2015-07-12,2015,3,7,July,12,6,True
535,2015-07-13,2015,3,7,July,13,0,False
536,2015-07-14,2015,3,7,July,14,1,False
537,2015-07-15,2015,3,7,July,15,2,False
538,2015-07-16,2015,3,7,July,16,3,False
539,2015-07-17,2015,3,7,July,17,4,False
540,2015-07-18,2015,3,7,July,18,5,True
541,2015-07-19,2015,3,7,July,19,6,True
542,2015-07-20,2015,3,7,July,20,0,False
543,2015-07-21,2015,3,7,July,21,1,False
544,2015-07-22,2015,3,7,July,22,2,False
545,2015-07-23,2015,3,7,July,23,3,False
546,2015-07-24,2015,3,7,July,24,4,False
547,2015-07-25,2015,3,7,July,25,5,True
548,2015-07-26,2015,3,7,July,26,6,True
549,2015-07-27,2015,3,7,July,27,0,False
550,2015-07-28,2015,3,7,July,28,1,False
551,2015-07-29,2015,3,7,July,29,2,False
552,2015-07-30,2015,3,7,July,30,3,False
553,2015-07-31,2015,3,7,July,31,4,False
554,2015-08-01,2015,3,8,August,1,5,True
555,2015-08-02,2015,3,8,August,2,6,True
556,2015-08-03,2015,3,8,August,3,0,False
557,2015-08-05,2015,3,8,August,5,2,False
558,2015-08-06,2015,3,8,August,6,3,False
559,2015-08-07,2015,3,8,August,7,4,False
560,2015-08-08,2015,3,8,August,8,5,True
561,2015-08-09,2015,3,8,August,9,6,True
562,2015-08-10,2015,3,8,August,10,0,False
563,2015-08-11,2015,3,8,August,11,1,False
564,2015-08-12,2015,3,8,August,12,2,False
565,2015-08-13,2015,3,8,August,13,3,False
566,2015-08-14,2015,3,8,August,14,4,False
567,2015-08-15,2015,3,8,August,15,5,True
568,2015-08-16,2015,3,8,August,16,6,True
569,2015-08-17,2015,3,8,August,17,0,False
570,2015-08-19,2015,3,8,August,19,2,False
571,2015-08-20,2015,3,8,August,20,3,False
572,2015-08-21,2015,3,8,August,21,4,False
573,2015-08-22,2015,3,8,August,22,5,True
574,2015-08-23,2015,3,8,August,23,6,True
575,2015-08-24,2015,3,8,August,24,0,False
576,2015-08-25,2015,3,8,August,25,1,False
577,2015-08-26,2015,3,8,August,26,2,False
578,2015-08-27,2015,3,8,August,27,3,False
579,2015-08-28,2015,3,8,August,28,4,False
580,2015-08-29,2015,3,8,August,29,5,True
581,2015-08-30,2015,3,8,August,30,6,True
582,2015-08-31,2015,3,8,August,31,0,False
583,2015-09-01,2015,3,9,September,1,1,False
584,2015-09-02,2015,3,9,September,2,2,False
585,2015-09-03,2015,3,9,September,3,3,False
586,2015-09-04,2015,3,9,September,4,4,False
587,2015-09-05,2015,3,9,September,5,5,True
588,2015-09-06,2015,3,9,September,6,6,True
589,2015-09-07,2015,3,9,September,7,0,False
590,2015-09-08,2015,3,9,September,8,1,False
591,2015-09-09,2015,3,9,September,9,2,False
592,2015-09-10,2015,3,9,September,10,3,False
593,2015-09-11,2015,3,9,September,11,4,False
594,2015-09-12,2015,3,9,September,12,5,True
595,2015-09-13,2015,3,9,September,13,6,True
596,2015-09-14,2015,3,9,September,14,0,False
597,2015-09-15,2015,3,9,September,15,1,False
598,2015-09-16,2015,3,9,September,16,2,False
599,2015-09-17,2015,3,9,September,17,3,False
600,2015-09-18,2015,3,9,September,18,4,False
601,2015-09-19,2015,3,9,September,19,5,True
602,2015-09-20,2015,3,9,September,20,6,True
603,2015-09-21,2015,3,9,September,21,0,False
604,2015-09-22,2015,3,9,September,22,1,False
605,2015-09-23,2015,3,9,September,23,2,False
606,2015-09-24,2015,3,9,September,24,3,False
607,2015-09-25,2015,3,9,September,25,4,False
608,2015-09-26,2015,3,9,September,26,5,True
609,2015-09-27,2015,3,9,September,27,6,True
610,2015-09-28,2015,3,9,September,28,0,False
611,2015-09-29,2015,3,9,September,29,1,False
612,2015-09-30,2015,3,9,September,30,2,False
613,2015-10-01,2015,4,10,October,1,3,False
614,2015-10-02,2015,4,10,October,2,4,False
615,2015-10-03,2015,4,10,October,3,5,True
616,2015-10-04,2015,4,10,October,4,6,True
617,2015-10-05,2015,4,10,October,5,0,False
618,2015-10-06,2015,4,10,October,6,1,False
619,2015-10-07,2015,4,10,October,7,2,False
620,2015-10-08,2015,4,10,October,8,3,False
621,2015-10-09,2015,4,10,October,9,4,False
622,2015-10-10,2015,4,10,October,10,5,True
623,2015-10-11,2015,4,10,October,11,6,True
624,2015-10-12,2015,4,10,October,12,0,False
625,2015-10-13,2015,4,10,October,13,1,False
626,2015-10-14,2015,4,10,October,14,2,False
627,2015-10-15,2015,4,10,October,15,3,False
628,2015-10-16,2015,4,10,October,16,4,False
629,2015-10-17,2015,4,10,October,17,5,True
630,2015-10-18,2015,4,10,October,18,6,True
631,2015-10-19,2015,4,10,October,19,0,False
632,2015-10-20,2015,4,10,October,20,1,False
633,2015-10-22,2015,4,10,October,22,3,False
634,2015-10-23,2015,4,10,October,23,4,False
635,2015-10-24,2015,4,10,October,24,5,True
636,2015-10-25,2015,4,10,October,25,6,True
637,2015-10-26,2015,4,10,October,26,0,False
638,2015-10-27,2015,4,10,October,27,1,False
639,2015-10-28,2015,4,10,October,28,2,False
640,2015-10-29,2015,4,10,October,29,3,False
641,2015-10-30,2015,4,10,October,30,4,False
642,2015-10-31,2015,4,10,October,31,5,True
643,2015-11-01,2015,4,11,November,1,6,True
644,2015-11-02,2015,4,11,November,2,0,False
645,2015-11-03,2015,4,11,November,3,1,False
646,2015-11-04,2015,4,11,November,4,2,False
647,2015-11-05,2015,4,11,November,5,3,False
648,2015-11-06,2015,4,11,November,6,4,False
649,2015-11-07,2015,4,11,November,7,5,True
650,2015-11-08,2015,4,11,November,8,6,True
651,2015-11-09,2015,4,11,November,9,0,False
652,2015-11-10,2015,4,11,November,10,1,False
653,2015-11-11,2015,4,11,November,11,2,False
654,2015-11-12,2015,4,11,November,12,3,False
655,2015-11-13,2015,4,11,November,13,4,False
656,2015-11-14,2015,4,11,November,14,5,True
657,2015-11-15,2015,4,11,November,15,6,True
658,2015-11-16,2015,4,11,November,16,0,False
659,2015-11-17,2015,4,11,November,17,1,False
660,2015-11-18,2015,4,11,November,18,2,False
661,2015-11-19,2015,4,11,November,19,3,False
662,2015-11-20,2015,4,11,November,20,4,False
663,2015-11-21,2015,4,11,November,21,5,True
664,2015-11-22,2015,4,11,November,22,6,True
665,2015-11-23,2015,4,11,November,23,0,False
666,2015-11-24,2015,4,11,November,24,1,False
667,2015-11-25,2015,4,11,November,25,2,False
668,2015-11-26,2015,4,11,November,26,3,False
669,2015-11-27,2015,4,11,November,27,4,False
670,2015-11-28,2015,4,11,November,28,5,True
671,2015-11-29,2015,4,11,November,29,6,True
672,2015-11-30,2015,4,11,November,30,0,False
673,2015-12-01,2015,4,12,December,1,1,False
674,2015-12-02,2015,4,12,December,2,2,False
675,2015-12-03,2015,4,12,December,3,3,False
676,2015-12-04,2015,4,12,December,4,4,False
677,2015-12-05,2015,4,12,December,5,5,True
678,2015-12-06,2015,4,12,December,6,6,True
679,2015-12-07,2015,4,12,December,7,0,False
680,2015-12-08,2015,4,12,December,8,1,False
681,2015-12-09,2015,4,12,December,9,2,False
682,2015-12-10,2015,4,12,December,10,3,False
683,2015-12-11,2015,4,12,December,11,4,False
684,2015-12-12,2015,4,12,December,12,5,True
685,2015-12-13,2015,4,12,December,13,6,True
686,2015-12-14,2015,4,12,December,14,0,False
687,2015-12-15,2015,4,12,December,15,1,False
688,2015-12-16,2015,4,12,December,16,2,False
689,2015-12-17,2015,4,12,December,17,3,False
690,2015-12-18,2015,4,12,December,18,4,False
691,2015-12-19,2015,4,12,December,19,5,True
692,2015-12-20,2015,4,12,December,20,6,True
693,2015-12-21,2015,4,12,December,21,0,False
694,2015-12-22,2015,4,12,December,22,1,False
695,2015-12-23,2015,4,12,December,23,2,False
696,2015-12-24,2015,4,12,December,24,3,False
697,2015-12-25,2015,4,12,December,25,4,False
698,2015-12-26,2015,4,12,December,26,5,True
699,2015-12-27,2015,4,12,December,27,6,True
700,2015-12-28,2015,4,12,December,28,0,False
701,2015-12-29,2015,4,12,December,29,1,False
702,2015-12-30,2015,4,12,December,30,2,False
703,2015-12-31,2015,4,12,December,31,3,False
704,2016-01-01,2016,1,1,January,1,4,False
705,2016-01-02,2016,1,1,January,2,5,True
706,2016-01-03,2016,1,1,January,3,6,True
707,2016-01-04,2016,1,1,January,4,0,False
708,2016-01-05,2016,1,1,January,5,1,False
709,2016-01-07,2016,1,1,January,7,3,False
710,2016-01-08,2016,1,1,January,8,4,False
711,2016-01-09,2016,1,1,January,9,5,True
712,2016-01-10,2016,1,1,January,10,6,True
713,2016-01-11,2016,1,1,January,11,0,False
714,2016-01-12,2016,1,1,January,12,1,False
715,2016-01-13,2016,1,1,January,13,2,False
716,2016-01-14,2016,1,1,January,14,3,False
717,2016-01-15,2016,1,1,January,15,4,False
718,2016-01-16,2016,1,1,January,16,5,True
719,2016-01-17,2016,1,1,January,17,6,True
720,2016-01-19,2016,1,1,January,19,1,False
721,2016-01-20,2016,1,1,January,20,2,False
722,2016-01-21,2016,1,1,January,21,3,False
723,2016-01-22,2016,1,1,January,22,4,False
724,2016-01-23,2016,1,1,January,23,5,True
725,2016-01-24,2016,1,1,January,24,6,True
726,2016-01-25,2016,1,1,January,25,0,False
727,2016-01-26,2016,1,1,January,26,1,False
728,2016-01-27,2016,1,1,January,27,2,False
729,2016-01-28,2016,1,1,January,28,3,False
730,2016-01-29,2016,1,1,January,29,4,False
731,2016-01-30,2016,1,1,January,30,5,True
732,2016-01-31,2016,1,1,January,31,6,True
733,2016-02-01,2016,1,2,February,1,0,False
734,2016-02-02,2016,1,2,February,2,1,False
735,2016-02-03,2016,1,2,February,3,2,False
736,2016-02-04,2016,1,2,February,4,3,False
737,2016-02-05,2016,1,2,February,5,4,False
738,2016-02-06,2016,1,2,February,6,5,True
739,2016-02-07,2016,1,2,February,7,6,True
740,2016-02-08,2016,1,2,February,8,0,False
741,2016-02-09,2016,1,2,February,9,1,False
742,2016-02-10,2016,1,2,February,10,2,False
743,2016-02-11,2016,1,2,February,11,3,False
744,2016-02-12,2016,1,2,February,12,4,False
745,2016-02-13,2016,1,2,February,13,5,True
746,2016-02-14,2016,1,2,February,14,6,True
747,2016-02-15,2016,1,2,February,15,0,False
748,2016-02-16,2016,1,2,February,16,1,False
749,2016-02-18,2016,1,2,February,18,3,False
750,2016-02-19,2016,1,2,February,19,4,False
751,2016-02-20,2016,1,2,February,20,5,True
752,2016-02-21,2016,1,2,February,21,6,True
753,2016-02-22,2016,1,2,February,22,0,False
754,2016-02-23,2016,1,2,February,23,1,False
755,2016-02-24,2016,1,2,February,24,2,False
756,2016-02-25,2016,1,2,February,25,3,False
757,2016-02-26,2016,1,2,February,26,4,False
758,2016-02-27,2016,1,2,February,27,5,True
759,2016-02-28,2016,1,2,February,28,6,True
760,2016-02-29,2016,1,2,February,29,0,False
761,2016-03-01,2016,1,3,March,1,1,False
762,2016-03-02,2016,1,3,March,2,2,False
763,2016-03-03,2016,1,3,March,3,3,False
764,2016-03-04,2016,1,3,March,4,4,False
765,2016-03-05,2016,1,3,March,5,5,True
766,2016-03-06,2016,1,3,March,6,6,True
767,2016-03-07,2016,1,3,March,7,0,False
768,2016-03-08,2016,1,3,March,8,1,False
769,2016-03-09,2016,1,3,March,9,2,False
770,2016-03-10,2016,1,3,March,10,3,False
771,2016-03-11,2016,1,3,March,11,4,False
772,2016-03-12,2016,1,3,March,12,5,True
773,2016-03-13,2016,1,3,March,13,6,True
774,2016-03-14,2016,1,3,March,14,0,False
775,2016-03-15,2016,1,3,March,15,1,False
776,2016-03-16,2016,1,3,March,16,2,False
777,2016-03-17,2016,1,3,March,17,3,False
778,2016-03-18,2016,1,3,March,18,4,False
779,2016-03-19,2016,1,3,March,19,5,True
780,2016-03-20,2016,1,3,March,20,6,True
781,2016-03-21,2016,1,3,March,21,0,False
782,2016-03-22,2016,1,3,March,22,1,False
783,2016-03-23,2016,1,3,March,23,2,False
784,2016-03-24,2016,1,3,March,24,3,False
785,2016-03-25,2016,1,3,March,25,4,False
786,2016-03-26,2016,1,3,March,26,5,True
787,2016-03-27,2016,1,3,March,27,6,True
788,2016-03-28,2016,1,3,March,28,0,False
789,2016-03-29,2016,1,3,March,29,1,False
790,2016-03-30,2016,1,3,March,30,2,False
791,2016-03-31,2016,1,3,March,31,3,False
792,2016-04-01,2016,2,4,April,1,4,False
793,2016-04-02,2016,2,4,April,2,5,True
794,2016-04-03,2016,2,4,April,3,6,True
795,2016-04-04,2016,2,4,April,4,0,False
796,2016-04-05,2016,2,4,April,5,1,False
797,2016-04-06,2016,2,4,April,6,2,False
798,2016-04-07,2016,2,4,April,7,3,False
799,2016-04-08,2016,2,4,April,8,4,False
800,2016-04-09,2016,2,4,April,9,5,True
801,2016-04-10,2016,2,4,April,10,6,True
802,2016-04-11,2016,2,4,April,11,0,False
803,2016-04-12,2016,2,4,April,12,1,False
804,2016-04-13,2016,2,4,April,13,2,False
805,2016-04-14,2016,2,4,April,14,3,False
806,2016-04-15,2016,2,4,April,15,4,False
807,2016-04-16,2016,2,4,April,16,5,True
808,2016-04-17,2016,2,4,April,17,6,True
809,2016-04-18,2016,2,4,April,18,0,False
810,2016-04-19,2016,2,4,April,19,1,False
811,2016-04-20,2016,2,4,April,20,2,False
812,2016-04-21,2016,2,4,April,21,3,False
813,2016-04-22,2016,2,4,April,22,4,False
814,2016-04-23,2016,2,4,April,23,5,True
815,2016-04-24,2016,2,4,April,24,6,True
816,2016-04-25,2016,2,4,April,25,0,False
817,2016-04-26,2016,2,4,April,26,1,False
818,2016-04-27,2016,2,4,April,27,2,False
819,2016-04-28,2016,2,4,April,28,3,False
820,2016-04-29,2016,2,4,April,29,4,False
821,2016-04-30,2016,2,4,April,30,5,True
822,2016-05-01,2016,2,5,May,1,6,True
823,2016-05-02,2016,2,5,May,2,0,False
824,2016-05-03,2016,2,5,May,3,1,False
825,2016-05-04,2016,2,5,May,4,2,False
826,2016-05-05,2016,2,5,May,5,3,False
827,2016-05-06,2016,2,5,May,6,4,False
828,2016-05-07,2016,2,5,May,7,5,True
829,2016-05-08,2016,2,5,May,8,6,True
830,2016-05-09,2016,2,5,May,9,0,False
831,2016-05-10,2016,2,5,May,10,1,False
832,2016-05-11,2016,2,5,May,11,2,False
833,2016-05-12,2016,2,5,May,12,3,False
834,2016-05-13,2016,2,5,May,13,4,False
835,2016-05-14,2016,2,5,May,14,5,True
836,2016-05-15,2016,2,5,May,15,6,True
837,2016-05-16,2016,2,5,May,16,0,False
838,2016-05-17,2016,2,5,May,17,1,False
839,2016-05-18,2016,2,5,May,18,2,False
840,2016-05-19,2016,2,5,May,19,3,False
841,2016-05-20,2016,2,5,May,20,4,False
842,2016-05-21,2016,2,5,May,21,5,True
843,2016-05-22,2016,2,5,May,22,6,True
844,2016-05-23,2016,2,5,May,23,0,False
845,2016-05-24,2016,2,5,May,24,1,False
846,2016-05-25,2016,2,5,May,25,2,False
847,2016-05-26,2016,2,5,May,26,3,False
848,2016-05-27,2016,2,5,May,27,4,False
849,2016-05-28,2016,2,5,May,28,5,True
850,2016-05-29,2016,2,5,May,29,6,True
851,2016-05-30,2016,2,5,May,30,0,False
852,2016-05-31,2016,2,5,May,31,1,False
853,2016-06-01,2016,2,6,June,1,2,False
854,2016-06-02,2016,2,6,June,2,3,False
855,2016-06-03,2016,2,6,June,3,4,False
856,2016-06-04,2016,2,6,June,4,5,True
857,2016-06-05,2016,2,6,June,5,6,True
858,2016-06-06,2016,2,6,June,6,0,False
859,2016-06-07,2016,2,6,June,7,1,False
860,2016-06-09,2016,2,6,June,9,3,False
861,2016-06-10,2016,2,6,June,10,4,False
862,2016-06-11,2016,2,6,June,11,5,True
863,2016-06-12,2016,2,6,June,12,6,True
864,2016-06-13,2016,2,6,June,13,0,False
865,2016-06-14,2016,2,6,June,14,1,False
866,2016-06-15,2016,2,6,June,15,2,False
867,2016-06-16,2016,2,6,June,16,3,False
868,2016-06-17,2016,2,6,June,17,4,False
869,2016-06-18,2016,2,6,June,18,5,True
870,2016-06-19,2016,2,6,June,19,6,True
871,2016-06-20,2016,2,6,June,20,0,False
872,2016-06-21,2016,2,6,June,21,1,False
873,2016-06-22,2016,2,6,June,22,2,False
874,2016-06-23,2016,2,6,June,23,3,False
875,2016-06-24,2016,2,6,June,24,4,False
876,2016-06-25,2016,2,6,June,25,5,True
877,2016-06-26,2016,2,6,June,26,6,True
878,2016-06-27,2016,2,6,June,27,0,False
879,2016-06-28,2016,2,6,June,28,1,False
880,2016-06-29,2016,2,6,June,29,2,False
881,2016-06-30,2016,2,6,June,30,3,False
882,2016-07-01,2016,3,7,July,1,4,False
883,2016-07-02,2016,3,7,July,2,5,True
884,2016-07-03,2016,3,7,July,3,6,True
885,2016-07-04,2016,3,7,July,4,0,False
886,2016-07-06,2016,3,7,July,6,2,False
887,2016-07-07,2016,3,7,July,7,3,False
888,2016-07-08,2016,3,7,July,8,4,False
889,2016-07-09,2016,3,7,July,9,5,True
890,2016-07-10,2016,3,7,July,10,6,True
891,2016-07-11,2016,3,7,July,11,0,False
892,2016-07-12,2016,3,7,July,12,1,False
893,2016-07-13,2016,3,7,July,13,2,False
894,2016-07-14,2016,3,7,July,14,3,False
895,2016-07-15,2016,3,7,July,15,4,False
896,2016-07-16,2016,3,7,July,16,5,True
897,2016-07-17,2016,3,7,July,17,6,True
898,2016-07-18,2016,3,7,July,18,0,False
899,2016-07-19,2016,3,7,July,19,1,False
900,2016-07-20,2016,3,7,July,20,2,False
901,2016-07-21,2016,3,7,July,21,3,False
902,2016-07-22,2016,3,7,July,22,4,False
903,2016-07-23,2016,3,7,July,23,5,True
904,2016-07-24,2016,3,7,July,24,6,True
905,2016-07-25,2016,3,7,July,25,0,False
906,2016-07-26,2016,3,7,July,26,1,False
907,2016-07-27,2016,3,7,July,27,2,False
908,2016-07-28,2016,3,7,July,28,3,False
909,2016-07-29,2016,3,7,July,29,4,False
910,2016-07-30,2016,3,7,July,30,5,True
911,2016-07-31,2016,3,7,July,31,6,True
912,2016-08-01,2016,3,8,August,1,0,False
913,2016-08-02,2016,3,8,August,2,1,False
914,2016-08-03,2016,3,8,August,3,2,False
915,2016-08-04,2016,3,8,August,4,3,False
916,2016-08-05,2016,3,8,August,5,4,False
917,2016-08-06,2016,3,8,August,6,5,True
918,2016-08-07,2016,3,8,August,7,6,True
919,2016-08-08,2016,3,8,August,8,0,False
920,2016-08-09,2016,3,8,August,9,1,False
921,2016-08-10,2016,3,8,August,10,2,False
922,2016-08-11,2016,3,8,August,11,3,False
923,2016-08-12,2016,3,8,August,12,4,False
924,2016-08-13,2016,3,8,August,13,5,True
925,2016-08-14,2016,3,8,August,14,6,True
926,2016-08-15,2016,3,8,August,15,0,False
927,2016-08-16,2016,3,8,August,16,1,False
928,2016-08-17,2016,3,8,August,17,2,False
929,2016-08-18,2016,3,8,August,18,3,False
930,2016-08-19,2016,3,8,August,19,4,False
931,2016-08-20,2016,3,8,August,20,5,True
932,2016-08-21,2016,3,8,August,21,6,True
933,2016-08-22,2016,3,8,August,22,0,False
934,2016-08-23,2016,3,8,August,23,1,False
935,2016-08-24,2016,3,8,August,24,2,False
936,2016-08-25,2016,3,8,August,25,3,False
937,2016-08-26,2016,3,8,August,26,4,False
938,2016-08-27,2016,3,8,August,27,5,True
939,2016-08-28,2016,3,8,August,28,6,True
940,2016-08-29,2016,3,8,August,29,0,False
941,2016-08-30,2016,3,8,August,30,1,False
942,2016-08-31,2016,3,8,August,31,2,False
943,2016-09-01,2016,3,9,September,1,3,False
944,2016-09-02,2016,3,9,September,2,4,False
945,2016-09-03,2016,3,9,September,3,5,True
946,2016-09-04,2016,3,9,September,4,6,True
947,2016-09-05,2016,3,9,September,5,0,False
948,2016-09-06,2016,3,9,September,6,1,False
949,2016-09-07,2016,3,9,September,7,2,False
950,2016-09-08,2016,3,9,September,8,3,False
951,2016-09-09,2016,3,9,September,9,4,False
952,2016-09-10,2016,3,9,September,10,5,True
953,2016-09-11,2016,3,9,September,11,6,True
954,2016-09-12,2016,3,9,September,12,0,False
955,2016-09-13,2016,3,9,September,13,1,False
956,2016-09-14,2016,3,9,September,14,2,False
957,2016-09-15,2016,3,9,September,15,3,False
958,2016-09-16,2016,3,9,September,16,4,False
959,2016-09-17,2016,3,9,September,17,5,True
960,2016-09-18,2016,3,9,September,18,6,True
961,2016-09-19,2016,3,9,September,19,0,False
962,2016-09-20,2016,3,9,September,20,1,False
963,2016-09-21,2016,3,9,September,21,2,False
964,2016-09-22,2016,3,9,September,22,3,False
965,2016-09-23,2016,3,9,September,23,4,False
966,2016-09-24,2016,3,9,September,24,5,True
967,2016-09-25,2016,3,9,September,25,6,True
968,2016-09-26,2016,3,9,September,26,0,False
969,2016-09-27,2016,3,9,September,27,1,False
970,2016-09-28,2016,3,9,September,28,2,False
971,2016-09-29,2016,3,9,September,29,3,False
972,2016-09-30,2016,3,9,September,30,4,False
973,2016-10-01,2016,4,10,October,1,5,True
974,2016-10-02,2016,4,10,October,2,6,True
975,2016-10-03,2016,4,10,October,3,0,False
976,2016-10-04,2016,4,10,October,4,1,False
977,2016-10-05,2016,4,10,October,5,2,False
978,2016-10-06,2016,4,10,October,6,3,False
979,2016-10-07,2016,4,10,October,7,4,False
980,2016-10-08,2016,4,10,October,8,5,True
981,2016-10-09,2016,4,10,October,9,6,True
982,2016-10-10,2016,4,10,October,10,0,False
983,2016-10-11,2016,4,10,October,11,1,False
984,2016-10-12,2016,4,10,October,12,2,False
985,2016-10-13,2016,4,10,October,13,3,False
986,2016-10-14,2016,4,10,October,14,4,False
987,2016-10-15,2016,4,10,October,15,5,True
988,2016-10-16,2016,4,10,October,16,6,True
989,2016-10-17,2016,4,10,October,17,0,False
990,2016-10-18,2016,4,10,October,18,1,False
991,2016-10-19,2016,4,10,October,19,2,False
992,2016-10-20,2016,4,10,October,20,3,False
993,2016-10-21,2016,4,10,October,21,4,False
994,2016-10-22,2016,4,10,October,22,5,True
995,2016-10-23,2016,4,10,October,23,6,True
996,2016-10-24,2016,4,10,October,24,0,False
997,2016-10-25,2016,4,10,October,25,1,False
998,2016-10-26,2016,4,10,October,26,2,False
999,2016-10-27,2016,4,10,October,27,3,False
1000,2016-10-28,2016,4,10,October,28,4,False
1001,2016-10-29,2016,4,10,October,29,5,True
1002,2016-10-30,2016,4,10,October,30,6,True
1003,2016-10-31,2016,4,10,October,31,0,False
1004,2016-11-01,2016,4,11,November,1,1,False
1005,2016-11-02,2016,4,11,November,2,2,False
1006,2016-11-03,2016,4,11,November,3,3,False
1007,2016-11-04,2016,4,11,November,4,4,False
1008,2016-11-05,2016,4,11,November,5,5,True
1009,2016-11-06,2016,4,11,November,6,6,True
1010,2016-11-07,2016,4,11,November,7,0,False
1011,2016-11-08,2016,4,11,November,8,1,False
1012,2016-11-09,2016,4,11,November,9,2,False
1013,2016-11-10,2016,4,11,November,10,3,False
1014,2016-11-11,2016,4,11,November,11,4,False
1015,2016-11-12,2016,4,11,November,12,5,True
1016,2016-11-13,2016,4,11,November,13,6,True
1017,2016-11-14,2016,4,11,November,14,0,False
1018,2016-11-15,2016,4,11,November,15,1,False
1019,2016-11-16,2016,4,11,November,16,2,False
1020,2016-11-17,2016,4,11,November,17,3,False
1021,2016-11-18,2016,4,11,November,18,4,False
1022,2016-11-19,2016,4,11,November,19,5,True
1023,2016-11-20,2016,4,11,November,20,6,True
1024,2016-11-21,2016,4,11,November,21,0,False
1025,2016-11-22,2016,4,11,November,22,1,False
1026,2016-11-23,2016,4,11,November,23,2,False
1027,2016-11-24,2016,4,11,November,24,3,False
1028,2016-11-25,2016,4,11,November,25,4,False
1029,2016-11-26,2016,4,11,November,26,5,True
1030,2016-11-27,2016,4,11,November,27,6,True
1031,2016-11-28,2016,4,11,November,28,0,False
1032,2016-11-29,2016,4,11,November,29,1,False
1033,2016-11-30,2016,4,11,November,30,2,False
1034,2016-12-01,2016,4,12,December,1,3,False
1035,2016-12-02,2016,4,12,December,2,4,False
1036,2016-12-03,2016,4,12,December,3,5,True
1037,2016-12-04,2016,4,12,December,4,6,True
1038,2016-12-05,2016,4,12,December,5,0,False
1039,2016-12-06,2016,4,12,December,6,1,False
1040,2016-12-07,2016,4,12,December,7,2,False
1041,2016-12-08,2016,4,12,December,8,3,False
1042,2016-12-09,2016,4,12,December,9,4,False
1043,2016-12-10,2016,4,12,December,10,5,True
1044,2016-12-11,2016,4,12,December,11,6,True
1045,2016-12-12,2016,4,12,December,12,0,False
1046,2016-12-13,2016,4,12,December,13,1,False
1047,2016-12-14,2016,4,12,December,14,2,False
1048,2016-12-15,2016,4,12,December,15,3,False
1049,2016-12-16,2016,4,12,December,16,4,False
1050,2016-12-17,2016,4,12,December,17,5,True
1051,2016-12-18,2016,4,12,December,18,6,True
1052,2016-12-19,2016,4,12,December,19,0,False
1053,2016-12-20,2016,4,12,December,20,1,False
1054,2016-12-21,2016,4,12,December,21,2,False
1055,2016-12-22,2016,4,12,December,22,3,False
1056,2016-12-23,2016,4,12,December,23,4,False
1057,2016-12-24,2016,4,12,December,24,5,True
1058,2016-12-25,2016,4,12,December,25,6,True
1059,2016-12-26,2016,4,12,December,26,0,False
1060,2016-12-27,2016,4,12,December,27,1,False
1061,2016-12-28,2016,4,12,December,28,2,False
1062,2016-12-29,2016,4,12,December,29,3,False
1063,2016-12-30,2016,4,12,December,30,4,False
1064,2016-12-31,2016,4,12,December,31,5,True
1065,2017-01-01,2017,1,1,January,1,6,True
1066,2017-01-02,2017,1,1,January,2,0,False
1067,2017-01-03,2017,1,1,January,3,1,False
1068,2017-01-04,2017,1,1,January,4,2,False
1069,2017-01-05,2017,1,1,January,5,3,False
1070,2017-01-06,2017,1,1,January,6,4,False
1071,2017-01-07,2017,1,1,January,7,5,True
1072,2017-01-08,2017,1,1,January,8,6,True
1073,2017-01-09,2017,1,1,January,9,0,False
1074,2017-01-10,2017,1,1,January,10,1,False
1075,2017-01-11,2017,1,1,January,11,2,False
1076,2017-01-12,2017,1,1,January,12,3,False
1077,2017-01-13,2017,1,1,January,13,4,False
1078,2017-01-14,2017,1,1,January,14,5,True
1079,2017-01-15,2017,1,1,January,15,6,True
1080,2017-01-16,2017,1,1,January,16,0,False
1081,2017-01-17,2017,1,1,January,17,1,False
1082,2017-01-18,2017,1,1,January,18,2,False
1083,2017-01-19,2017,1,1,January,19,3,False
1084,2017-01-20,2017,1,1,January,20,4,False
1085,2017-01-21,2017,1,1,January,21,5,True
1086,2017-01-22,2017,1,1,January,22,6,True
1087,2017-01-23,2017,1,1,January,23,0,False
1088,2017-01-24,2017,1,1,January,24,1,False
1089,2017-01-25,2017,1,1,January,25,2,False
1090,2017-01-26,2017,1,1,January,26,3,False
1091,2017-01-27,2017,1,1,January,27,4,False
1092,2017-01-28,2017,1,1,January,28,5,True
1093,2017-01-29,2017,1,1,January,29,6,True
1094,2017-01-30,2017,1,1,January,30,0,False
1095,2017-01-31,2017,1,1,January,31,1,False
1096,2017-02-01,2017,1,2,February,1,2,False
1097,2017-02-02,2017,1,2,February,2,3,False
1098,2017-02-03,2017,1,2,February,3,4,False
1099,2017-02-04,2017,1,2,February,4,5,True
1100,2017-02-05,2017,1,2,February,5,6,True
1101,2017-02-06,2017,1,2,February,6,0,False
1102,2017-02-07,2017,1,2,February,7,1,False
1103,2017-02-08,2017,1,2,February,8,2,False
1104,2017-02-09,2017,1,2,February,9,3,False
1105,2017-02-10,2017,1,2,February,10,4,False
1106,2017-02-11,2017,1,2,February,11,5,True
1107,2017-02-12,2017,1,2,February,12,6,True
1108,2017-02-13,2017,1,2,February,13,0,False
1109,2017-02-14,2017,1,2,February,14,1,False
1110,2017-02-15,2017,1,2,February,15,2,False
1111,2017-02-16,2017,1,2,February,16,3,False
1112,2017-02-17,2017,1,2,February,17,4,False
1113,2017-02-18,2017,1,2,February,18,5,True
1114,2017-02-19,2017,1,2,February,19,6,True
1115,2017-02-20,2017,1,2,February,20,0,False
1116,2017-02-21,2017,1,2,February,21,1,False
1117,2017-02-22,2017,1,2,February,22,2,False
1118,2017-02-23,2017,1,2,February,23,3,False
1119,2017-02-24,2017,1,2,February,24,4,False
1120,2017-02-25,2017,1,2,February,25,5,True
1121,2017-02-26,2017,1,2,February,26,6,True
1122,2017-02-27,2017,1,2,February,27,0,False
1123,2017-02-28,2017,1,2,February,28,1,False
1124,2017-03-01,2017,1,3,March,1,2,False
1125,2017-03-02,2017,1,3,March,2,3,False
1126,2017-03-03,2017,1,3,March,3,4,False
1127,2017-03-04,2017,1,3,March,4,5,True
1128,2017-03-05,2017,1,3,March,5,6,True
1129,2017-03-06,2017,1,3,March,6,0,False
1130,2017-03-07,2017,1,3,March,7,1,False
1131,2017-03-08,2017,1,3,March,8,2,False
1132,2017-03-09,2017,1,3,March,9,3,False
1133,2017-03-10,2017,1,3,March,10,4,False
1134,2017-03-11,2017,1,3,March,11,5,True
1135,2017-03-12,2017,1,3,March,12,6,True
1136,2017-03-13,2017,1,3,March,13,0,False
1137,2017-03-14,2017,1,3,March,14,1,False
1138,2017-03-15,2017,1,3,March,15,2,False
1139,2017-03-16,2017,1,3,March,16,3,False
1140,2017-03-17,2017,1,3,March,17,4,False
1141,2017-03-18,2017,1,3,March,18,5,True
1142,2017-03-19,2017,1,3,March,19,6,True
1143,2017-03-20,2017,1,3,March,20,0,False
1144,2017-03-21,2017,1,3,March,21,1,False
1145,2017-03-22,2017,1,3,March,22,2,False
1146,2017-03-23,2017,1,3,March,23,3,False
1147,2017-03-24,2017,1,3,March,24,4,False
1148,2017-03-25,2017,1,3,March,25,5,True
1149,2017-03-26,2017,1,3,March,26,6,True
1150,2017-03-27,2017,1,3,March,27,0,False
1151,2017-03-28,2017,1,3,March,28,1,False
1152,2017-03-29,2017,1,3,March,29,2,False
1153,2017-03-30,2017,1,3,March,30,3,False
1154,2017-03-31,2017,1,3,March,31,4,False
1155,2017-04-01,2017,2,4,April,1,5,True
1156,2017-04-02,2017,2,4,April,2,6,True
1157,2017-04-03,2017,2,4,April,3,0,False
1158,2017-04-04,2017,2,4,April,4,1,False
1159,2017-04-05,2017,2,4,April,5,2,False
1160,2017-04-06,2017,2,4,April,6,3,False
1161,2017-04-07,2017,2,4,April,7,4,False
1162,2017-04-08,2017,2,4,April,8,5,True
1163,2017-04-09,2017,2,4,April,9,6,True
1164,2017-04-10,2017,2,4,April,10,0,False
1165,2017-04-11,2017,2,4,April,11,1,False
1166,2017-04-12,2017,2,4,April,12,2,False
1167,2017-04-13,2017,2,4,April,13,3,False
1168,2017-04-14,2017,2,4,April,14,4,False
1169,2017-04-15,2017,2,4,April,15,5,True
1170,2017-04-16,2017,2,4,April,16,6,True
1171,2017-04-17,2017,2,4,April,17,0,False
1172,2017-04-18,2017,2,4,April,18,1,False
1173,2017-04-19,2017,2,4,April,19,2,False
1174,2017-04-20,2017,2,4,April,20,3,False
1175,2017-04-21,2017,2,4,April,21,4,False
1176,2017-04-22,2017,2,4,April,22,5,True
1177,2017-04-23,2017,2,4,April,23,6,True
1178,2017-04-24,2017,2,4,April,24,0,False
1179,2017-04-25,2017,2,4,April,25,1,False
1180,2017-04-26,2017,2,4,April,26,2,False
1181,2017-04-27,2017,2,4,April,27,3,False
1182,2017-04-28,2017,2,4,April,28,4,False
1183,2017-04-29,2017,2,4,April,29,5,True
1184,2017-04-30,2017,2,4,April,30,6,True
1185,2017-05-01,2017,2,5,May,1,0,False
1186,2017-05-02,2017,2,5,May,2,1,False
1187,2017-05-03,2017,2,5,May,3,2,False
1188,2017-05-04,2017,2,5,May,4,3,False
1189,2017-05-05,2017,2,5,May,5,4,False
1190,2017-05-06,2017,2,5,May,6,5,True
1191,2017-05-07,2017,2,5,May,7,6,True
1192,2017-05-08,2017,2,5,May,8,0,False
1193,2017-05-09,2017,2,5,May,9,1,False
1194,2017-05-10,2017,2,5,May,10,2,False
1195,2017-05-11,2017,2,5,May,11,3,False
1196,2017-05-12,2017,2,5,May,12,4,False
1197,2017-05-13,2017,2,5,May,13,5,True
1198,2017-05-14,2017,2,5,May,14,6,True
1199,2017-05-15,2017,2,5,May,15,0,False
1200,2017-05-16,2017,2,5,May,16,1,False
1201,2017-05-17,2017,2,5,May,17,2,False
1202,2017-05-18,2017,2,5,May,18,3,False
1203,2017-05-19,2017,2,5,May,19,4,False
1204,2017-05-20,2017,2,5,May,20,5,True
1205,2017-05-21,2017,2,5,May,21,6,True
1206,2017-05-22,2017,2,5,May,22,0,False
1207,2017-05-23,2017,2,5,May,23,1,False
1208,2017-05-24,2017,2,5,May,24,2,False
1209,2017-05-25,2017,2,5,May,25,3,False
1210,2017-05-26,2017,2,5,May,26,4,False
1211,2017-05-27,2017,2,5,May,27,5,True
1212,2017-05-28,2017,2,5,May,28,6,True
1213,2017-05-29,2017,2,5,May,29,0,False
1214,2017-05-30,2017,2,5,May,30,1,False
1215,2017-05-31,2017,2,5,May,31,2,False
1216,2017-06-01,2017,2,6,June,1,3,False
1217,2017-06-02,2017,2,6,June,2,4,False
1218,2017-06-03,2017,2,6,June,3,5,True
1219,2017-06-04,2017,2,6,June,4,6,True
1220,2017-06-05,2017,2,6,June,5,0,False
1221,2017-06-06,2017,2,6,June,6,1,False
1222,2017-06-07,2017,2,6,June,7,2,False
1223,2017-06-08,2017,2,6,June,8,3,False
1224,2017-06-09,2017,2,6,June,9,4,False
1225,2017-06-10,2017,2,6,June,10,5,True
1226,2017-06-11,2017,2,6,June,11,6,True
1227,2017-06-12,2017,2,6,June,12,0,False
1228,2017-06-13,2017,2,6,June,13,1,False
1229,2017-06-14,2017,2,6,June,14,2,False
1230,2017-06-15,2017,2,6,June,15,3,False
1231,2017-06-16,2017,2,6,June,16,4,False
1232,2017-06-17,2017,2,6,June,17,5,True
1233,2017-06-18,2017,2,6,June,18,6,True
1234,2017-06-19,2017,2,6,June,19,0,False
1235,2017-06-20,2017,2,6,June,20,1,False
1236,2017-06-21,2017,2,6,June,21,2,False
1237,2017-06-22,2017,2,6,June,22,3,False
1238,2017-06-23,2017,2,6,June,23,4,False
1239,2017-06-24,2017,2,6,June,24,5,True
1240,2017-06-25,2017,2,6,June,25,6,True
1241,2017-06-26,2017,2,6,June,26,0,False
1242,2017-06-27,2017,2,6,June,27,1,False
1243,2017-06-28,2017,2,6,June,28,2,False
1244,2017-06-29,2017,2,6,June,29,3,False
1245,2017-06-30,2017,2,6,June,30,4,False
1246,2017-07-01,2017,3,7,July,1,5,True
1247,2017-07-02,2017,3,7,July,2,6,True
1248,2017-07-03,2017,3,7,July,3,0,False
1249,2017-07-04,2017,3,7,July,4,1,False
1250,2017-07-05,2017,3,7,July,5,2,False
1251,2017-07-06,2017,3,7,July,6,3,False
1252,2017-07-07,2017,3,7,July,7,4,False
1253,2017-07-08,2017,3,7,July,8,5,True
1254,2017-07-09,2017,3,7,July,9,6,True
1255,2017-07-10,2017,3,7,July,10,0,False
1256,2017-07-11,2017,3,7,July,11,1,False
1257,2017-07-12,2017,3,7,July,12,2,False
1258,2017-07-13,2017,3,7,July,13,3,False
1259,2017-07-14,2017,3,7,July,14,4,False
1260,2017-07-15,2017,3,7,July,15,5,True
1261,2017-07-16,2017,3,7,July,16,6,True
1262,2017-07-17,2017,3,7,July,17,0,False
1263,2017-07-18,2017,3,7,July,18,1,False
1264,2017-07-19,2017,3,7,July,19,2,False
1265,2017-07-20,2017,3,7,July,20,3,False
1266,2017-07-21,2017,3,7,July,21,4,False
1267,2017-07-22,2017,3,7,July,22,5,True
1268,2017-07-23,2017,3,7,July,23,6,True
1269,2017-07-24,2017,3,7,July,24,0,False
1270,2017-07-25,2017,3,7,July,25,1,False
1271,2017-07-26,2017,3,7,July,26,2,False
1272,2017-07-27,2017,3,7,July,27,3,False
1273,2017-07-28,2017,3,7,July,28,4,False
1274,2017-07-29,2017,3,7,July,29,5,True
1275,2017-07-30,2017,3,7,July,30,6,True
1276,2017-07-31,2017,3,7,July,31,0,False
1277,2017-08-01,2017,3,8,August,1,1,False
1278,2017-08-02,2017,3,8,August,2,2,False
1279,2017-08-03,2017,3,8,August,3,3,False
1280,2017-08-04,2017,3,8,August,4,4,False
1281,2017-08-05,2017,3,8,August,5,5,True
1282,2017-08-06,2017,3,8,August,6,6,True
1283,2017-08-07,2017,3,8,August,7,0,False
1284,2017-08-08,2017,3,8,August,8,1,False
1285,2017-08-09,2017,3,8,August,9,2,False
1286,2017-08-10,2017,3,8,August,10,3,False
1287,2017-08-11,2017,3,8,August,11,4,False
1288,2017-08-12,2017,3,8,August,12,5,True
1289,2017-08-13,2017,3,8,August,13,6,True
1290,2017-08-14,2017,3,8,August,14,0,False
1291,2017-08-15,2017,3,8,August,15,1,False
1292,2017-08-16,2017,3,8,August,16,2,False
1293,2017-08-17,2017,3,8,August,17,3,False
1294,2017-08-18,2017,3,8,August,18,4,False
1295,2017-08-19,2017,3,8,August,19,5,True
1296,2017-08-20,2017,3,8,August,20,6,True
1297,2017-08-21,2017,3,8,August,21,0,False
1298,2017-08-22,2017,3,8,August,22,1,False
1299,2017-08-23,2017,3,8,August,23,2,False
1300,2017-08-24,2017,3,8,August,24,3,False
1301,2017-08-25,2017,3,8,August,25,4,False
1302,2017-08-26,2017,3,8,August,26,5,True
1303,2017-08-27,2017,3,8,August,27,6,True
1304,2017-08-28,2017,3,8,August,28,0,False
1305,2017-08-29,2017,3,8,August,29,1,False
1306,2017-08-30,2017,3,8,August,30,2,False
1307,2017-08-31,2017,3,8,August,31,3,False
1308,2017-09-01,2017,3,9,September,1,4,False
1309,2017-09-02,2017,3,9,September,2,5,True
1310,2017-09-03,2017,3,9,September,3,6,True
1311,2017-09-04,2017,3,9,September,4,0,False
1312,2017-09-05,2017,3,9,September,5,1,False
1313,2017-09-06,2017,3,9,September,6,2,False
1314,2017-09-07,2017,3,9,September,7,3,False
1315,2017-09-08,2017,3,9,September,8,4,False
1316,2017-09-09,2017,3,9,September,9,5,True
1317,2017-09-10,2017,3,9,September,10,6,True
1318,2017-09-11,2017,3,9,September,11,0,False
1319,2017-09-12,2017,3,9,September,12,1,False
1320,2017-09-13,2017,3,9,September,13,2,False
1321,2017-09-14,2017,3,9,September,14,3,False
1322,2017-09-15,2017,3,9,September,15,4,False
1323,2017-09-16,2017,3,9,September,16,5,True
1324,2017-09-17,2017,3,9,September,17,6,True
1325,2017-09-18,2017,3,9,September,18,0,False
1326,2017-09-19,2017,3,9,September,19,1,False
1327,2017-09-20,2017,3,9,September,20,2,False
1328,2017-09-21,2017,3,9,September,21,3,False
1329,2017-09-22,2017,3,9,September,22,4,False
1330,2017-09-23,2017,3,9,September,23,5,True
1331,2017-09-24,2017,3,9,September,24,6,True
1332,2017-09-25,2017,3,9,September,25,0,False
1333,2017-09-26,2017,3,9,September,26,1,False
1334,2017-09-27,2017,3,9,September,27,2,False
1335,2017-09-28,2017,3,9,September,28,3,False
1336,2017-09-29,2017,3,9,September,29,4,False
1337,2017-09-30,2017,3,9,September,30,5,True
1338,2017-10-01,2017,4,10,October,1,6,True
1339,2017-10-02,2017,4,10,October,2,0,False
1340,2017-10-03,2017,4,10,October,3,1,False
1341,2017-10-04,2017,4,10,October,4,2,False
1342,2017-10-05,2017,4,10,October,5,3,False
1343,2017-10-06,2017,4,10,October,6,4,False
1344,2017-10-07,2017,4,10,October,7,5,True
1345,2017-10-08,2017,4,10,October,8,6,True
1346,2017-10-09,2017,4,10,October,9,0,False
1347,2017-10-10,2017,4,10,October,10,1,False
1348,2017-10-11,2017,4,10,October,11,2,False
1349,2017-10-12,2017,4,10,October,12,3,False
1350,2017-10-13,2017,4,10,October,13,4,False
1351,2017-10-14,2017,4,10,October,14,5,True
1352,2017-10-15,2017,4,10,October,15,6,True
1353,2017-10-16,2017,4,10,October,16,0,False
1354,2017-10-17,2017,4,10,October,17,1,False
1355,2017-10-18,2017,4,10,October,18,2,False
1356,2017-10-19,2017,4,10,October,19,3,False
1357,2017-10-20,2017,4,10,October,20,4,False
1358,2017-10-21,2017,4,10,October,21,5,True
1359,2017-10-22,2017,4,10,October,22,6,True
1360,2017-10-23,2017,4,10,October,23,0,False
1361,2017-10-24,2017,4,10,October,24,1,False
1362,2017-10-25,2017,4,10,October,25,2,False
1363,2017-10-26,2017,4,10,October,26,3,False
1364,2017-10-27,2017,4,10,October,27,4,False
1365,2017-10-28,2017,4,10,October,28,5,True
1366,2017-10-29,2017,4,10,October,29,6,True
1367,2017-10-30,2017,4,10,October,30,0,False
1368,2017-10-31,2017,4,10,October,31,1,False
1369,2017-11-01,2017,4,11,November,1,2,False
1370,2017-11-02,2017,4,11,November,2,3,False
1371,2017-11-03,2017,4,11,November,3,4,False
1372,2017-11-04,2017,4,11,November,4,5,True
1373,2017-11-05,2017,4,11,November,5,6,True
1374,2017-11-06,2017,4,11,November,6,0,False
1375,2017-11-07,2017,4,11,November,7,1,False
1376,2017-11-08,2017,4,11,November,8,2,False
1377,2017-11-09,2017,4,11,November,9,3,False
1378,2017-11-10,2017,4,11,November,10,4,False
1379,2017-11-11,2017,4,11,November,11,5,True
1380,2017-11-12,2017,4,11,November,12,6,True
1381,2017-11-13,2017,4,11,November,13,0,False
1382,2017-11-14,2017,4,11,November,14,1,False
1383,2017-11-15,2017,4,11,November,15,2,False
1384,2017-11-16,2017,4,11,November,16,3,False
1385,2017-11-17,2017,4,11,November,17,4,False
1386,2017-11-18,2017,4,11,November,18,5,True
1387,2017-11-19,2017,4,11,November,19,6,True
1388,2017-11-20,2017,4,11,November,20,0,False
1389,2017-11-21,2017,4,11,November,21,1,False
1390,2017-11-22,2017,4,11,November,22,2,False
1391,2017-11-23,2017,4,11,November,23,3,False
1392,2017-11-24,2017,4,11,November,24,4,False
1393,2017-11-25,2017,4,11,November,25,5,True
1394,2017-11-26,2017,4,11,November,26,6,True
1395,2017-11-27,2017,4,11,November,27,0,False
1396,2017-11-28,2017,4,11,November,28,1,False
1397,2017-11-29,2017,4,11,November,29,2,False
1398,2017-11-30,2017,4,11,November,30,3,False
1399,2017-12-01,2017,4,12,December,1,4,False
1400,2017-12-02,2017,4,12,December,2,5,True
1401,2017-12-03,2017,4,12,December,3,6,True
1402,2017-12-04,2017,4,12,December,4,0,False
1403,2017-12-05,2017,4,12,December,5,1,False
1404,2017-12-06,2017,4,12,December,6,2,False
1405,2017-12-07,2017,4,12,December,7,3,False
1406,2017-12-08,2017,4,12,December,8,4,False
1407,2017-12-09,2017,4,12,December,9,5,True
1408,2017-12-10,2017,4,12,December,10,6,True
1409,2017-12-11,2017,4,12,December,11,0,False
1410,2017-12-12,2017,4,12,December,12,1,False
1411,2017-12-13,2017,4,12,December,13,2,False
1412,2017-12-14,2017,4,12,December,14,3,False
1413,2017-12-15,2017,4,12,December,15,4,False
1414,2017-12-16,2017,4,12,December,16,5,True
1415,2017-12-17,2017,4,12,December,17,6,True
1416,2017-12-18,2017,4,12,December,18,0,False
1417,2017-12-19,2017,4,12,December,19,1,False
1418,2017-12-20,2017,4,12,December,20,2,False
1419,2017-12-21,2017,4,12,December,21,3,False
1420,2017-12-22,2017,4,12,December,22,4,False
1421,2017-12-23,2017,4,12,December,23,5,True
1422,2017-12-24,2017,4,12,December,24,6,True
1423,2017-12-25,2017,4,12,December,25,0,False
1424,2017-12-26,2017,4,12,December,26,1,False
1425,2017-12-27,2017,4,12,December,27,2,False
1426,2017-12-28,2017,4,12,December,28,3,False
1427,2017-12-29,2017,4,12,December,29,4,False
1428,2017-12-30,2017,4,12,December,30,5,True
1429,2017-12-31,2017,4,12,December,31,6,True
1430,2018-01-01,2018,1,1,January,1,0,False
1431,2018-01-02,2018,1,1,January,2,1,False
1432,2018-01-03,2018,1,1,January,3,2,False
1433,2018-01-04,2018,1,1,January,4,3,False
1434,2018-01-05,2018,1,1,January,5,4,False
